Control_ID,Control_Title,Control_Description,Control_Family
ac-1,Policy and Procedures,AC-01,AC
ac-2,Account Management,AC-02,AC
ac-2.1,Automated System Account Management,AC-02(01),AC
ac-2.2,Automated Temporary and Emergency Account Management,AC-02(02),AC
ac-2.3,Disable Accounts,AC-02(03),AC
ac-2.4,Automated Audit Actions,AC-02(04),AC
ac-2.5,Inactivity Logout,AC-02(05),AC
ac-2.6,Dynamic Privilege Management,AC-02(06),AC
ac-2.7,Privileged User Accounts,AC-02(07),AC
ac-2.8,Dynamic Account Management,AC-02(08),AC
ac-2.9,Restrictions on Use of Shared and Group Accounts,AC-02(09),AC
ac-2.10,Shared and Group Account Credential Change,AC-02(10),AC
ac-2.11,Usage Conditions,AC-02(11),AC
ac-2.12,Account Monitoring for Atypical Usage,AC-02(12),AC
ac-2.13,Disable Accounts for High-risk Individuals,AC-02(13),AC
ac-3,Access Enforcement,AC-03,AC
ac-3.1,Restricted Access to Privileged Functions,AC-03(01),AC
ac-3.2,Dual Authorization,AC-03(02),AC
ac-3.3,Mandatory Access Control,AC-03(03),AC
ac-3.4,Discretionary Access Control,AC-03(04),AC
ac-3.5,Security-relevant Information,AC-03(05),AC
ac-3.6,Protection of User and System Information,AC-03(06),AC
ac-3.7,Role-based Access Control,AC-03(07),AC
ac-3.8,Revocation of Access Authorizations,AC-03(08),AC
ac-3.9,Controlled Release,AC-03(09),AC
ac-3.10,Audited Override of Access Control Mechanisms,AC-03(10),AC
ac-3.11,Restrict Access to Specific Information Types,AC-03(11),AC
ac-3.12,Assert and Enforce Application Access,AC-03(12),AC
ac-3.13,Attribute-based Access Control,AC-03(13),AC
ac-3.14,Individual Access,AC-03(14),AC
ac-3.15,Discretionary and Mandatory Access Control,AC-03(15),AC
ac-4,Information Flow Enforcement,AC-04,AC
ac-4.1,Object Security and Privacy Attributes,AC-04(01),AC
ac-4.2,Processing Domains,AC-04(02),AC
ac-4.3,Dynamic Information Flow Control,AC-04(03),AC
ac-4.4,Flow Control of Encrypted Information,AC-04(04),AC
ac-4.5,Embedded Data Types,AC-04(05),AC
ac-4.6,Metadata,AC-04(06),AC
ac-4.7,One-way Flow Mechanisms,AC-04(07),AC
ac-4.8,Security and Privacy Policy Filters,AC-04(08),AC
ac-4.9,Human Reviews,AC-04(09),AC
ac-4.10,Enable and Disable Security or Privacy Policy Filters,AC-04(10),AC
ac-4.11,Configuration of Security or Privacy Policy Filters,AC-04(11),AC
ac-4.12,Data Type Identifiers,AC-04(12),AC
ac-4.13,Decomposition into Policy-relevant Subcomponents,AC-04(13),AC
ac-4.14,Security or Privacy Policy Filter Constraints,AC-04(14),AC
ac-4.15,Detection of Unsanctioned Information,AC-04(15),AC
ac-4.16,Information Transfers on Interconnected Systems,AC-04(16),AC
ac-4.17,Domain Authentication,AC-04(17),AC
ac-4.18,Security Attribute Binding,AC-04(18),AC
ac-4.19,Validation of Metadata,AC-04(19),AC
ac-4.20,Approved Solutions,AC-04(20),AC
ac-4.21,Physical or Logical Separation of Information Flows,AC-04(21),AC
ac-4.22,Access Only,AC-04(22),AC
ac-4.23,Modify Non-releasable Information,AC-04(23),AC
ac-4.24,Internal Normalized Format,AC-04(24),AC
ac-4.25,Data Sanitization,AC-04(25),AC
ac-4.26,Audit Filtering Actions,AC-04(26),AC
ac-4.27,Redundant/Independent Filtering Mechanisms,AC-04(27),AC
ac-4.28,Linear Filter Pipelines,AC-04(28),AC
ac-4.29,Filter Orchestration Engines,AC-04(29),AC
ac-4.30,Filter Mechanisms Using Multiple Processes,AC-04(30),AC
ac-4.31,Failed Content Transfer Prevention,AC-04(31),AC
ac-4.32,Process Requirements for Information Transfer,AC-04(32),AC
ac-5,Separation of Duties,AC-05,AC
ac-6,Least Privilege,AC-06,AC
ac-6.1,Authorize Access to Security Functions,AC-06(01),AC
ac-6.2,Non-privileged Access for Nonsecurity Functions,AC-06(02),AC
ac-6.3,Network Access to Privileged Commands,AC-06(03),AC
ac-6.4,Separate Processing Domains,AC-06(04),AC
ac-6.5,Privileged Accounts,AC-06(05),AC
ac-6.6,Privileged Access by Non-organizational Users,AC-06(06),AC
ac-6.7,Review of User Privileges,AC-06(07),AC
ac-6.8,Privilege Levels for Code Execution,AC-06(08),AC
ac-6.9,Log Use of Privileged Functions,AC-06(09),AC
ac-6.10,Prohibit Non-privileged Users from Executing Privileged Functions,AC-06(10),AC
ac-7,Unsuccessful Logon Attempts,AC-07,AC
ac-7.1,Automatic Account Lock,AC-07(01),AC
ac-7.2,Purge or Wipe Mobile Device,AC-07(02),AC
ac-7.3,Biometric Attempt Limiting,AC-07(03),AC
ac-7.4,Use of Alternate Authentication Factor,AC-07(04),AC
ac-8,System Use Notification,AC-08,AC
ac-9,Previous Logon Notification,AC-09,AC
ac-9.1,Unsuccessful Logons,AC-09(01),AC
ac-9.2,Successful and Unsuccessful Logons,AC-09(02),AC
ac-9.3,Notification of Account Changes,AC-09(03),AC
ac-9.4,Additional Logon Information,AC-09(04),AC
ac-10,Concurrent Session Control,AC-10,AC
ac-11,Device Lock,AC-11,AC
ac-11.1,Pattern-hiding Displays,AC-11(01),AC
ac-12,Session Termination,AC-12,AC
ac-12.1,User-initiated Logouts,AC-12(01),AC
ac-12.2,Termination Message,AC-12(02),AC
ac-12.3,Timeout Warning Message,AC-12(03),AC
ac-13,Supervision and Review — Access Control,AC-13,AC
ac-14,Permitted Actions Without Identification or Authentication,AC-14,AC
ac-14.1,Necessary Uses,AC-14(01),AC
ac-15,Automated Marking,AC-15,AC
ac-16,Security and Privacy Attributes,AC-16,AC
ac-16.1,Dynamic Attribute Association,AC-16(01),AC
ac-16.2,Attribute Value Changes by Authorized Individuals,AC-16(02),AC
ac-16.3,Maintenance of Attribute Associations by System,AC-16(03),AC
ac-16.4,Association of Attributes by Authorized Individuals,AC-16(04),AC
ac-16.5,Attribute Displays on Objects to Be Output,AC-16(05),AC
ac-16.6,Maintenance of Attribute Association,AC-16(06),AC
ac-16.7,Consistent Attribute Interpretation,AC-16(07),AC
ac-16.8,Association Techniques and Technologies,AC-16(08),AC
ac-16.9,Attribute Reassignment — Regrading Mechanisms,AC-16(09),AC
ac-16.10,Attribute Configuration by Authorized Individuals,AC-16(10),AC
ac-17,Remote Access,AC-17,AC
ac-17.1,Monitoring and Control,AC-17(01),AC
ac-17.2,Protection of Confidentiality and Integrity Using Encryption,AC-17(02),AC
ac-17.3,Managed Access Control Points,AC-17(03),AC
ac-17.4,Privileged Commands and Access,AC-17(04),AC
ac-17.5,Monitoring for Unauthorized Connections,AC-17(05),AC
ac-17.6,Protection of Mechanism Information,AC-17(06),AC
ac-17.7,Additional Protection for Security Function Access,AC-17(07),AC
ac-17.8,Disable Nonsecure Network Protocols,AC-17(08),AC
ac-17.9,Disconnect or Disable Access,AC-17(09),AC
ac-17.10,Authenticate Remote Commands,AC-17(10),AC
ac-18,Wireless Access,AC-18,AC
ac-18.1,Authentication and Encryption,AC-18(01),AC
ac-18.2,Monitoring Unauthorized Connections,AC-18(02),AC
ac-18.3,Disable Wireless Networking,AC-18(03),AC
ac-18.4,Restrict Configurations by Users,AC-18(04),AC
ac-18.5,Antennas and Transmission Power Levels,AC-18(05),AC
ac-19,Access Control for Mobile Devices,AC-19,AC
ac-19.1,Use of Writable and Portable Storage Devices,AC-19(01),AC
ac-19.2,Use of Personally Owned Portable Storage Devices,AC-19(02),AC
ac-19.3,Use of Portable Storage Devices with No Identifiable Owner,AC-19(03),AC
ac-19.4,Restrictions for Classified Information,AC-19(04),AC
ac-19.5,Full Device or Container-based Encryption,AC-19(05),AC
ac-20,Use of External Systems,AC-20,AC
ac-20.1,Limits on Authorized Use,AC-20(01),AC
ac-20.2,Portable Storage Devices — Restricted Use,AC-20(02),AC
ac-20.3,Non-organizationally Owned Systems — Restricted Use,AC-20(03),AC
ac-20.4,Network Accessible Storage Devices — Prohibited Use,AC-20(04),AC
ac-20.5,Portable Storage Devices — Prohibited Use,AC-20(05),AC
ac-21,Information Sharing,AC-21,AC
ac-21.1,Automated Decision Support,AC-21(01),AC
ac-21.2,Information Search and Retrieval,AC-21(02),AC
ac-22,Publicly Accessible Content,AC-22,AC
ac-23,Data Mining Protection,AC-23,AC
ac-24,Access Control Decisions,AC-24,AC
ac-24.1,Transmit Access Authorization Information,AC-24(01),AC
ac-24.2,No User or Process Identity,AC-24(02),AC
ac-25,Reference Monitor,AC-25,AC
at-1,Policy and Procedures,AT-01,AT
at-2,Literacy Training and Awareness,AT-02,AT
at-2.1,Practical Exercises,AT-02(01),AT
at-2.2,Insider Threat,AT-02(02),AT
at-2.3,Social Engineering and Mining,AT-02(03),AT
at-2.4,Suspicious Communications and Anomalous System Behavior,AT-02(04),AT
at-2.5,Advanced Persistent Threat,AT-02(05),AT
at-2.6,Cyber Threat Environment,AT-02(06),AT
at-3,Role-based Training,AT-03,AT
at-3.1,Environmental Controls,AT-03(01),AT
at-3.2,Physical Security Controls,AT-03(02),AT
at-3.3,Practical Exercises,AT-03(03),AT
at-3.4,Suspicious Communications and Anomalous System Behavior,AT-03(04),AT
at-3.5,Processing Personally Identifiable Information,AT-03(05),AT
at-4,Training Records,AT-04,AT
at-5,Contacts with Security Groups and Associations,AT-05,AT
at-6,Training Feedback,AT-06,AT
au-1,Policy and Procedures,AU-01,AU
au-2,Event Logging,AU-02,AU
au-2.1,Compilation of Audit Records from Multiple Sources,AU-02(01),AU
au-2.2,Selection of Audit Events by Component,AU-02(02),AU
au-2.3,Reviews and Updates,AU-02(03),AU
au-2.4,Privileged Functions,AU-02(04),AU
au-3,Content of Audit Records,AU-03,AU
au-3.1,Additional Audit Information,AU-03(01),AU
au-3.2,Centralized Management of Planned Audit Record Content,AU-03(02),AU
au-3.3,Limit Personally Identifiable Information Elements,AU-03(03),AU
au-4,Audit Log Storage Capacity,AU-04,AU
au-4.1,Transfer to Alternate Storage,AU-04(01),AU
au-5,Response to Audit Logging Process Failures,AU-05,AU
au-5.1,Storage Capacity Warning,AU-05(01),AU
au-5.2,Real-time Alerts,AU-05(02),AU
au-5.3,Configurable Traffic Volume Thresholds,AU-05(03),AU
au-5.4,Shutdown on Failure,AU-05(04),AU
au-5.5,Alternate Audit Logging Capability,AU-05(05),AU
au-6,"Audit Record Review, Analysis, and Reporting",AU-06,AU
au-6.1,Automated Process Integration,AU-06(01),AU
au-6.2,Automated Security Alerts,AU-06(02),AU
au-6.3,Correlate Audit Record Repositories,AU-06(03),AU
au-6.4,Central Review and Analysis,AU-06(04),AU
au-6.5,Integrated Analysis of Audit Records,AU-06(05),AU
au-6.6,Correlation with Physical Monitoring,AU-06(06),AU
au-6.7,Permitted Actions,AU-06(07),AU
au-6.8,Full Text Analysis of Privileged Commands,AU-06(08),AU
au-6.9,Correlation with Information from Nontechnical Sources,AU-06(09),AU
au-6.10,Audit Level Adjustment,AU-06(10),AU
au-7,Audit Record Reduction and Report Generation,AU-07,AU
au-7.1,Automatic Processing,AU-07(01),AU
au-7.2,Automatic Sort and Search,AU-07(02),AU
au-8,Time Stamps,AU-08,AU
au-8.1,Synchronization with Authoritative Time Source,AU-08(01),AU
au-8.2,Secondary Authoritative Time Source,AU-08(02),AU
au-9,Protection of Audit Information,AU-09,AU
au-9.1,Hardware Write-once Media,AU-09(01),AU
au-9.2,Store on Separate Physical Systems or Components,AU-09(02),AU
au-9.3,Cryptographic Protection,AU-09(03),AU
au-9.4,Access by Subset of Privileged Users,AU-09(04),AU
au-9.5,Dual Authorization,AU-09(05),AU
au-9.6,Read-only Access,AU-09(06),AU
au-9.7,Store on Component with Different Operating System,AU-09(07),AU
au-10,Non-repudiation,AU-10,AU
au-10.1,Association of Identities,AU-10(01),AU
au-10.2,Validate Binding of Information Producer Identity,AU-10(02),AU
au-10.3,Chain of Custody,AU-10(03),AU
au-10.4,Validate Binding of Information Reviewer Identity,AU-10(04),AU
au-10.5,Digital Signatures,AU-10(05),AU
au-11,Audit Record Retention,AU-11,AU
au-11.1,Long-term Retrieval Capability,AU-11(01),AU
au-12,Audit Record Generation,AU-12,AU
au-12.1,System-wide and Time-correlated Audit Trail,AU-12(01),AU
au-12.2,Standardized Formats,AU-12(02),AU
au-12.3,Changes by Authorized Individuals,AU-12(03),AU
au-12.4,Query Parameter Audits of Personally Identifiable Information,AU-12(04),AU
au-13,Monitoring for Information Disclosure,AU-13,AU
au-13.1,Use of Automated Tools,AU-13(01),AU
au-13.2,Review of Monitored Sites,AU-13(02),AU
au-13.3,Unauthorized Replication of Information,AU-13(03),AU
au-14,Session Audit,AU-14,AU
au-14.1,System Start-up,AU-14(01),AU
au-14.2,Capture and Record Content,AU-14(02),AU
au-14.3,Remote Viewing and Listening,AU-14(03),AU
au-15,Alternate Audit Logging Capability,AU-15,AU
au-16,Cross-organizational Audit Logging,AU-16,AU
au-16.1,Identity Preservation,AU-16(01),AU
au-16.2,Sharing of Audit Information,AU-16(02),AU
au-16.3,Disassociability,AU-16(03),AU
ca-1,Policy and Procedures,CA-01,CA
ca-2,Control Assessments,CA-02,CA
ca-2.1,Independent Assessors,CA-02(01),CA
ca-2.2,Specialized Assessments,CA-02(02),CA
ca-2.3,Leveraging Results from External Organizations,CA-02(03),CA
ca-3,Information Exchange,CA-03,CA
ca-3.1,Unclassified National Security System Connections,CA-03(01),CA
ca-3.2,Classified National Security System Connections,CA-03(02),CA
ca-3.3,Unclassified Non-national Security System Connections,CA-03(03),CA
ca-3.4,Connections to Public Networks,CA-03(04),CA
ca-3.5,Restrictions on External System Connections,CA-03(05),CA
ca-3.6,Transfer Authorizations,CA-03(06),CA
ca-3.7,Transitive Information Exchanges,CA-03(07),CA
ca-4,Security Certification,CA-04,CA
ca-5,Plan of Action and Milestones,CA-05,CA
ca-5.1,Automation Support for Accuracy and Currency,CA-05(01),CA
ca-6,Authorization,CA-06,CA
ca-6.1,Joint Authorization — Intra-organization,CA-06(01),CA
ca-6.2,Joint Authorization — Inter-organization,CA-06(02),CA
ca-7,Continuous Monitoring,CA-07,CA
ca-7.1,Independent Assessment,CA-07(01),CA
ca-7.2,Types of Assessments,CA-07(02),CA
ca-7.3,Trend Analyses,CA-07(03),CA
ca-7.4,Risk Monitoring,CA-07(04),CA
ca-7.5,Consistency Analysis,CA-07(05),CA
ca-7.6,Automation Support for Monitoring,CA-07(06),CA
ca-8,Penetration Testing,CA-08,CA
ca-8.1,Independent Penetration Testing Agent or Team,CA-08(01),CA
ca-8.2,Red Team Exercises,CA-08(02),CA
ca-8.3,Facility Penetration Testing,CA-08(03),CA
ca-9,Internal System Connections,CA-09,CA
ca-9.1,Compliance Checks,CA-09(01),CA
cm-1,Policy and Procedures,CM-01,CM
cm-2,Baseline Configuration,CM-02,CM
cm-2.1,Reviews and Updates,CM-02(01),CM
cm-2.2,Automation Support for Accuracy and Currency,CM-02(02),CM
cm-2.3,Retention of Previous Configurations,CM-02(03),CM
cm-2.4,Unauthorized Software,CM-02(04),CM
cm-2.5,Authorized Software,CM-02(05),CM
cm-2.6,Development and Test Environments,CM-02(06),CM
cm-2.7,Configure Systems and Components for High-risk Areas,CM-02(07),CM
cm-3,Configuration Change Control,CM-03,CM
cm-3.1,"Automated Documentation, Notification, and Prohibition of Changes",CM-03(01),CM
cm-3.2,"Testing, Validation, and Documentation of Changes",CM-03(02),CM
cm-3.3,Automated Change Implementation,CM-03(03),CM
cm-3.4,Security and Privacy Representatives,CM-03(04),CM
cm-3.5,Automated Security Response,CM-03(05),CM
cm-3.6,Cryptography Management,CM-03(06),CM
cm-3.7,Review System Changes,CM-03(07),CM
cm-3.8,Prevent or Restrict Configuration Changes,CM-03(08),CM
cm-4,Impact Analyses,CM-04,CM
cm-4.1,Separate Test Environments,CM-04(01),CM
cm-4.2,Verification of Controls,CM-04(02),CM
cm-5,Access Restrictions for Change,CM-05,CM
cm-5.1,Automated Access Enforcement and Audit Records,CM-05(01),CM
cm-5.2,Review System Changes,CM-05(02),CM
cm-5.3,Signed Components,CM-05(03),CM
cm-5.4,Dual Authorization,CM-05(04),CM
cm-5.5,Privilege Limitation for Production and Operation,CM-05(05),CM
cm-5.6,Limit Library Privileges,CM-05(06),CM
cm-5.7,Automatic Implementation of Security Safeguards,CM-05(07),CM
cm-6,Configuration Settings,CM-06,CM
cm-6.1,"Automated Management, Application, and Verification",CM-06(01),CM
cm-6.2,Respond to Unauthorized Changes,CM-06(02),CM
cm-6.3,Unauthorized Change Detection,CM-06(03),CM
cm-6.4,Conformance Demonstration,CM-06(04),CM
cm-7,Least Functionality,CM-07,CM
cm-7.1,Periodic Review,CM-07(01),CM
cm-7.2,Prevent Program Execution,CM-07(02),CM
cm-7.3,Registration Compliance,CM-07(03),CM
cm-7.4,Unauthorized Software — Deny-by-exception,CM-07(04),CM
cm-7.5,Authorized Software — Allow-by-exception,CM-07(05),CM
cm-7.6,Confined Environments with Limited Privileges,CM-07(06),CM
cm-7.7,Code Execution in Protected Environments,CM-07(07),CM
cm-7.8,Binary or Machine Executable Code,CM-07(08),CM
cm-7.9,Prohibiting The Use of Unauthorized Hardware,CM-07(09),CM
cm-8,System Component Inventory,CM-08,CM
cm-8.1,Updates During Installation and Removal,CM-08(01),CM
cm-8.2,Automated Maintenance,CM-08(02),CM
cm-8.3,Automated Unauthorized Component Detection,CM-08(03),CM
cm-8.4,Accountability Information,CM-08(04),CM
cm-8.5,No Duplicate Accounting of Components,CM-08(05),CM
cm-8.6,Assessed Configurations and Approved Deviations,CM-08(06),CM
cm-8.7,Centralized Repository,CM-08(07),CM
cm-8.8,Automated Location Tracking,CM-08(08),CM
cm-8.9,Assignment of Components to Systems,CM-08(09),CM
cm-9,Configuration Management Plan,CM-09,CM
cm-9.1,Assignment of Responsibility,CM-09(01),CM
cm-10,Software Usage Restrictions,CM-10,CM
cm-10.1,Open-source Software,CM-10(01),CM
cm-11,User-installed Software,CM-11,CM
cm-11.1,Alerts for Unauthorized Installations,CM-11(01),CM
cm-11.2,Software Installation with Privileged Status,CM-11(02),CM
cm-11.3,Automated Enforcement and Monitoring,CM-11(03),CM
cm-12,Information Location,CM-12,CM
cm-12.1,Automated Tools to Support Information Location,CM-12(01),CM
cm-13,Data Action Mapping,CM-13,CM
cm-14,Signed Components,CM-14,CM
cp-1,Policy and Procedures,CP-01,CP
cp-2,Contingency Plan,CP-02,CP
cp-2.1,Coordinate with Related Plans,CP-02(01),CP
cp-2.2,Capacity Planning,CP-02(02),CP
cp-2.3,Resume Mission and Business Functions,CP-02(03),CP
cp-2.4,Resume All Mission and Business Functions,CP-02(04),CP
cp-2.5,Continue Mission and Business Functions,CP-02(05),CP
cp-2.6,Alternate Processing and Storage Sites,CP-02(06),CP
cp-2.7,Coordinate with External Service Providers,CP-02(07),CP
cp-2.8,Identify Critical Assets,CP-02(08),CP
cp-3,Contingency Training,CP-03,CP
cp-3.1,Simulated Events,CP-03(01),CP
cp-3.2,Mechanisms Used in Training Environments,CP-03(02),CP
cp-4,Contingency Plan Testing,CP-04,CP
cp-4.1,Coordinate with Related Plans,CP-04(01),CP
cp-4.2,Alternate Processing Site,CP-04(02),CP
cp-4.3,Automated Testing,CP-04(03),CP
cp-4.4,Full Recovery and Reconstitution,CP-04(04),CP
cp-4.5,Self-challenge,CP-04(05),CP
cp-5,Contingency Plan Update,CP-05,CP
cp-6,Alternate Storage Site,CP-06,CP
cp-6.1,Separation from Primary Site,CP-06(01),CP
cp-6.2,Recovery Time and Recovery Point Objectives,CP-06(02),CP
cp-6.3,Accessibility,CP-06(03),CP
cp-7,Alternate Processing Site,CP-07,CP
cp-7.1,Separation from Primary Site,CP-07(01),CP
cp-7.2,Accessibility,CP-07(02),CP
cp-7.3,Priority of Service,CP-07(03),CP
cp-7.4,Preparation for Use,CP-07(04),CP
cp-7.5,Equivalent Information Security Safeguards,CP-07(05),CP
cp-7.6,Inability to Return to Primary Site,CP-07(06),CP
cp-8,Telecommunications Services,CP-08,CP
cp-8.1,Priority of Service Provisions,CP-08(01),CP
cp-8.2,Single Points of Failure,CP-08(02),CP
cp-8.3,Separation of Primary and Alternate Providers,CP-08(03),CP
cp-8.4,Provider Contingency Plan,CP-08(04),CP
cp-8.5,Alternate Telecommunication Service Testing,CP-08(05),CP
cp-9,System Backup,CP-09,CP
cp-9.1,Testing for Reliability and Integrity,CP-09(01),CP
cp-9.2,Test Restoration Using Sampling,CP-09(02),CP
cp-9.3,Separate Storage for Critical Information,CP-09(03),CP
cp-9.4,Protection from Unauthorized Modification,CP-09(04),CP
cp-9.5,Transfer to Alternate Storage Site,CP-09(05),CP
cp-9.6,Redundant Secondary System,CP-09(06),CP
cp-9.7,Dual Authorization for Deletion or Destruction,CP-09(07),CP
cp-9.8,Cryptographic Protection,CP-09(08),CP
cp-10,System Recovery and Reconstitution,CP-10,CP
cp-10.1,Contingency Plan Testing,CP-10(01),CP
cp-10.2,Transaction Recovery,CP-10(02),CP
cp-10.3,Compensating Security Controls,CP-10(03),CP
cp-10.4,Restore Within Time Period,CP-10(04),CP
cp-10.5,Failover Capability,CP-10(05),CP
cp-10.6,Component Protection,CP-10(06),CP
cp-11,Alternate Communications Protocols,CP-11,CP
cp-12,Safe Mode,CP-12,CP
cp-13,Alternative Security Mechanisms,CP-13,CP
ia-1,Policy and Procedures,IA-01,IA
ia-2,Identification and Authentication (Organizational Users),IA-02,IA
ia-2.1,Multi-factor Authentication to Privileged Accounts,IA-02(01),IA
ia-2.2,Multi-factor Authentication to Non-privileged Accounts,IA-02(02),IA
ia-2.3,Local Access to Privileged Accounts,IA-02(03),IA
ia-2.4,Local Access to Non-privileged Accounts,IA-02(04),IA
ia-2.5,Individual Authentication with Group Authentication,IA-02(05),IA
ia-2.6,Access to Accounts —separate Device,IA-02(06),IA
ia-2.7,Network Access to Non-privileged Accounts — Separate Device,IA-02(07),IA
ia-2.8,Access to Accounts — Replay Resistant,IA-02(08),IA
ia-2.9,Network Access to Non-privileged Accounts — Replay Resistant,IA-02(09),IA
ia-2.10,Single Sign-on,IA-02(10),IA
ia-2.11,Remote Access — Separate Device,IA-02(11),IA
ia-2.12,Acceptance of PIV Credentials,IA-02(12),IA
ia-2.13,Out-of-band Authentication,IA-02(13),IA
ia-3,Device Identification and Authentication,IA-03,IA
ia-3.1,Cryptographic Bidirectional Authentication,IA-03(01),IA
ia-3.2,Cryptographic Bidirectional Network Authentication,IA-03(02),IA
ia-3.3,Dynamic Address Allocation,IA-03(03),IA
ia-3.4,Device Attestation,IA-03(04),IA
ia-4,Identifier Management,IA-04,IA
ia-4.1,Prohibit Account Identifiers as Public Identifiers,IA-04(01),IA
ia-4.2,Supervisor Authorization,IA-04(02),IA
ia-4.3,Multiple Forms of Certification,IA-04(03),IA
ia-4.4,Identify User Status,IA-04(04),IA
ia-4.5,Dynamic Management,IA-04(05),IA
ia-4.6,Cross-organization Management,IA-04(06),IA
ia-4.7,In-person Registration,IA-04(07),IA
ia-4.8,Pairwise Pseudonymous Identifiers,IA-04(08),IA
ia-4.9,Attribute Maintenance and Protection,IA-04(09),IA
ia-5,Authenticator Management,IA-05,IA
ia-5.1,Password-based Authentication,IA-05(01),IA
ia-5.2,Public Key-based Authentication,IA-05(02),IA
ia-5.3,In-person or Trusted External Party Registration,IA-05(03),IA
ia-5.4,Automated Support for Password Strength Determination,IA-05(04),IA
ia-5.5,Change Authenticators Prior to Delivery,IA-05(05),IA
ia-5.6,Protection of Authenticators,IA-05(06),IA
ia-5.7,No Embedded Unencrypted Static Authenticators,IA-05(07),IA
ia-5.8,Multiple System Accounts,IA-05(08),IA
ia-5.9,Federated Credential Management,IA-05(09),IA
ia-5.10,Dynamic Credential Binding,IA-05(10),IA
ia-5.11,Hardware Token-based Authentication,IA-05(11),IA
ia-5.12,Biometric Authentication Performance,IA-05(12),IA
ia-5.13,Expiration of Cached Authenticators,IA-05(13),IA
ia-5.14,Managing Content of PKI Trust Stores,IA-05(14),IA
ia-5.15,GSA-approved Products and Services,IA-05(15),IA
ia-5.16,In-person or Trusted External Party Authenticator Issuance,IA-05(16),IA
ia-5.17,Presentation Attack Detection for Biometric Authenticators,IA-05(17),IA
ia-5.18,Password Managers,IA-05(18),IA
ia-6,Authentication Feedback,IA-06,IA
ia-7,Cryptographic Module Authentication,IA-07,IA
ia-8,Identification and Authentication (Non-organizational Users),IA-08,IA
ia-8.1,Acceptance of PIV Credentials from Other Agencies,IA-08(01),IA
ia-8.2,Acceptance of External Authenticators,IA-08(02),IA
ia-8.3,Use of FICAM-approved Products,IA-08(03),IA
ia-8.4,Use of Defined Profiles,IA-08(04),IA
ia-8.5,Acceptance of PIV-I Credentials,IA-08(05),IA
ia-8.6,Disassociability,IA-08(06),IA
ia-9,Service Identification and Authentication,IA-09,IA
ia-9.1,Information Exchange,IA-09(01),IA
ia-9.2,Transmission of Decisions,IA-09(02),IA
ia-10,Adaptive Authentication,IA-10,IA
ia-11,Re-authentication,IA-11,IA
ia-12,Identity Proofing,IA-12,IA
ia-12.1,Supervisor Authorization,IA-12(01),IA
ia-12.2,Identity Evidence,IA-12(02),IA
ia-12.3,Identity Evidence Validation and Verification,IA-12(03),IA
ia-12.4,In-person Validation and Verification,IA-12(04),IA
ia-12.5,Address Confirmation,IA-12(05),IA
ia-12.6,Accept Externally-proofed Identities,IA-12(06),IA
ia-13,Identity Providers and Authorization Servers,IA-13,IA
ia-13.1,Protection of Cryptographic Keys,IA-13(01),IA
ia-13.2,Verification of Identity Assertions and Access Tokens,IA-13(02),IA
ia-13.3,Token Management,IA-13(03),IA
ir-1,Policy and Procedures,IR-01,IR
ir-2,Incident Response Training,IR-02,IR
ir-2.1,Simulated Events,IR-02(01),IR
ir-2.2,Automated Training Environments,IR-02(02),IR
ir-2.3,Breach,IR-02(03),IR
ir-3,Incident Response Testing,IR-03,IR
ir-3.1,Automated Testing,IR-03(01),IR
ir-3.2,Coordination with Related Plans,IR-03(02),IR
ir-3.3,Continuous Improvement,IR-03(03),IR
ir-4,Incident Handling,IR-04,IR
ir-4.1,Automated Incident Handling Processes,IR-04(01),IR
ir-4.2,Dynamic Reconfiguration,IR-04(02),IR
ir-4.3,Continuity of Operations,IR-04(03),IR
ir-4.4,Information Correlation,IR-04(04),IR
ir-4.5,Automatic Disabling of System,IR-04(05),IR
ir-4.6,Insider Threats,IR-04(06),IR
ir-4.7,Insider Threats — Intra-organization Coordination,IR-04(07),IR
ir-4.8,Correlation with External Organizations,IR-04(08),IR
ir-4.9,Dynamic Response Capability,IR-04(09),IR
ir-4.10,Supply Chain Coordination,IR-04(10),IR
ir-4.11,Integrated Incident Response Team,IR-04(11),IR
ir-4.12,Malicious Code and Forensic Analysis,IR-04(12),IR
ir-4.13,Behavior Analysis,IR-04(13),IR
ir-4.14,Security Operations Center,IR-04(14),IR
ir-4.15,Public Relations and Reputation Repair,IR-04(15),IR
ir-5,Incident Monitoring,IR-05,IR
ir-5.1,"Automated Tracking, Data Collection, and Analysis",IR-05(01),IR
ir-6,Incident Reporting,IR-06,IR
ir-6.1,Automated Reporting,IR-06(01),IR
ir-6.2,Vulnerabilities Related to Incidents,IR-06(02),IR
ir-6.3,Supply Chain Coordination,IR-06(03),IR
ir-7,Incident Response Assistance,IR-07,IR
ir-7.1,Automation Support for Availability of Information and Support,IR-07(01),IR
ir-7.2,Coordination with External Providers,IR-07(02),IR
ir-8,Incident Response Plan,IR-08,IR
ir-8.1,Breaches,IR-08(01),IR
ir-9,Information Spillage Response,IR-09,IR
ir-9.1,Responsible Personnel,IR-09(01),IR
ir-9.2,Training,IR-09(02),IR
ir-9.3,Post-spill Operations,IR-09(03),IR
ir-9.4,Exposure to Unauthorized Personnel,IR-09(04),IR
ir-10,Integrated Information Security Analysis Team,IR-10,IR
ma-1,Policy and Procedures,MA-01,MA
ma-2,Controlled Maintenance,MA-02,MA
ma-2.1,Record Content,MA-02(01),MA
ma-2.2,Automated Maintenance Activities,MA-02(02),MA
ma-3,Maintenance Tools,MA-03,MA
ma-3.1,Inspect Tools,MA-03(01),MA
ma-3.2,Inspect Media,MA-03(02),MA
ma-3.3,Prevent Unauthorized Removal,MA-03(03),MA
ma-3.4,Restricted Tool Use,MA-03(04),MA
ma-3.5,Execution with Privilege,MA-03(05),MA
ma-3.6,Software Updates and Patches,MA-03(06),MA
ma-4,Nonlocal Maintenance,MA-04,MA
ma-4.1,Logging and Review,MA-04(01),MA
ma-4.2,Document Nonlocal Maintenance,MA-04(02),MA
ma-4.3,Comparable Security and Sanitization,MA-04(03),MA
ma-4.4,Authentication and Separation of Maintenance Sessions,MA-04(04),MA
ma-4.5,Approvals and Notifications,MA-04(05),MA
ma-4.6,Cryptographic Protection,MA-04(06),MA
ma-4.7,Disconnect Verification,MA-04(07),MA
ma-5,Maintenance Personnel,MA-05,MA
ma-5.1,Individuals Without Appropriate Access,MA-05(01),MA
ma-5.2,Security Clearances for Classified Systems,MA-05(02),MA
ma-5.3,Citizenship Requirements for Classified Systems,MA-05(03),MA
ma-5.4,Foreign Nationals,MA-05(04),MA
ma-5.5,Non-system Maintenance,MA-05(05),MA
ma-6,Timely Maintenance,MA-06,MA
ma-6.1,Preventive Maintenance,MA-06(01),MA
ma-6.2,Predictive Maintenance,MA-06(02),MA
ma-6.3,Automated Support for Predictive Maintenance,MA-06(03),MA
ma-7,Field Maintenance,MA-07,MA
mp-1,Policy and Procedures,MP-01,MP
mp-2,Media Access,MP-02,MP
mp-2.1,Automated Restricted Access,MP-02(01),MP
mp-2.2,Cryptographic Protection,MP-02(02),MP
mp-3,Media Marking,MP-03,MP
mp-4,Media Storage,MP-04,MP
mp-4.1,Cryptographic Protection,MP-04(01),MP
mp-4.2,Automated Restricted Access,MP-04(02),MP
mp-5,Media Transport,MP-05,MP
mp-5.1,Protection Outside of Controlled Areas,MP-05(01),MP
mp-5.2,Documentation of Activities,MP-05(02),MP
mp-5.3,Custodians,MP-05(03),MP
mp-5.4,Cryptographic Protection,MP-05(04),MP
mp-6,Media Sanitization,MP-06,MP
mp-6.1,"Review, Approve, Track, Document, and Verify",MP-06(01),MP
mp-6.2,Equipment Testing,MP-06(02),MP
mp-6.3,Nondestructive Techniques,MP-06(03),MP
mp-6.4,Controlled Unclassified Information,MP-06(04),MP
mp-6.5,Classified Information,MP-06(05),MP
mp-6.6,Media Destruction,MP-06(06),MP
mp-6.7,Dual Authorization,MP-06(07),MP
mp-6.8,Remote Purging or Wiping of Information,MP-06(08),MP
mp-7,Media Use,MP-07,MP
mp-7.1,Prohibit Use Without Owner,MP-07(01),MP
mp-7.2,Prohibit Use of Sanitization-resistant Media,MP-07(02),MP
mp-8,Media Downgrading,MP-08,MP
mp-8.1,Documentation of Process,MP-08(01),MP
mp-8.2,Equipment Testing,MP-08(02),MP
mp-8.3,Controlled Unclassified Information,MP-08(03),MP
mp-8.4,Classified Information,MP-08(04),MP
pe-1,Policy and Procedures,PE-01,PE
pe-2,Physical Access Authorizations,PE-02,PE
pe-2.1,Access by Position or Role,PE-02(01),PE
pe-2.2,Two Forms of Identification,PE-02(02),PE
pe-2.3,Restrict Unescorted Access,PE-02(03),PE
pe-3,Physical Access Control,PE-03,PE
pe-3.1,System Access,PE-03(01),PE
pe-3.2,Facility and Systems,PE-03(02),PE
pe-3.3,Continuous Guards,PE-03(03),PE
pe-3.4,Lockable Casings,PE-03(04),PE
pe-3.5,Tamper Protection,PE-03(05),PE
pe-3.6,Facility Penetration Testing,PE-03(06),PE
pe-3.7,Physical Barriers,PE-03(07),PE
pe-3.8,Access Control Vestibules,PE-03(08),PE
pe-4,Access Control for Transmission,PE-04,PE
pe-5,Access Control for Output Devices,PE-05,PE
pe-5.1,Access to Output by Authorized Individuals,PE-05(01),PE
pe-5.2,Link to Individual Identity,PE-05(02),PE
pe-5.3,Marking Output Devices,PE-05(03),PE
pe-6,Monitoring Physical Access,PE-06,PE
pe-6.1,Intrusion Alarms and Surveillance Equipment,PE-06(01),PE
pe-6.2,Automated Intrusion Recognition and Responses,PE-06(02),PE
pe-6.3,Video Surveillance,PE-06(03),PE
pe-6.4,Monitoring Physical Access to Systems,PE-06(04),PE
pe-7,Visitor Control,PE-07,PE
pe-8,Visitor Access Records,PE-08,PE
pe-8.1,Automated Records Maintenance and Review,PE-08(01),PE
pe-8.2,Physical Access Records,PE-08(02),PE
pe-8.3,Limit Personally Identifiable Information Elements,PE-08(03),PE
pe-9,Power Equipment and Cabling,PE-09,PE
pe-9.1,Redundant Cabling,PE-09(01),PE
pe-9.2,Automatic Voltage Controls,PE-09(02),PE
pe-10,Emergency Shutoff,PE-10,PE
pe-10.1,Accidental and Unauthorized Activation,PE-10(01),PE
pe-11,Emergency Power,PE-11,PE
pe-11.1,Alternate Power Supply — Minimal Operational Capability,PE-11(01),PE
pe-11.2,Alternate Power Supply — Self-contained,PE-11(02),PE
pe-12,Emergency Lighting,PE-12,PE
pe-12.1,Essential Mission and Business Functions,PE-12(01),PE
pe-13,Fire Protection,PE-13,PE
pe-13.1,Detection Systems — Automatic Activation and Notification,PE-13(01),PE
pe-13.2,Suppression Systems — Automatic Activation and Notification,PE-13(02),PE
pe-13.3,Automatic Fire Suppression,PE-13(03),PE
pe-13.4,Inspections,PE-13(04),PE
pe-14,Environmental Controls,PE-14,PE
pe-14.1,Automatic Controls,PE-14(01),PE
pe-14.2,Monitoring with Alarms and Notifications,PE-14(02),PE
pe-15,Water Damage Protection,PE-15,PE
pe-15.1,Automation Support,PE-15(01),PE
pe-16,Delivery and Removal,PE-16,PE
pe-17,Alternate Work Site,PE-17,PE
pe-18,Location of System Components,PE-18,PE
pe-18.1,Facility Site,PE-18(01),PE
pe-19,Information Leakage,PE-19,PE
pe-19.1,National Emissions Policies and Procedures,PE-19(01),PE
pe-20,Asset Monitoring and Tracking,PE-20,PE
pe-21,Electromagnetic Pulse Protection,PE-21,PE
pe-22,Component Marking,PE-22,PE
pe-23,Facility Location,PE-23,PE
pl-1,Policy and Procedures,PL-01,PL
pl-2,System Security and Privacy Plans,PL-02,PL
pl-2.1,Concept of Operations,PL-02(01),PL
pl-2.2,Functional Architecture,PL-02(02),PL
pl-2.3,Plan and Coordinate with Other Organizational Entities,PL-02(03),PL
pl-3,System Security Plan Update,PL-03,PL
pl-4,Rules of Behavior,PL-04,PL
pl-4.1,Social Media and External Site/Application Usage Restrictions,PL-04(01),PL
pl-5,Privacy Impact Assessment,PL-05,PL
pl-6,Security-related Activity Planning,PL-06,PL
pl-7,Concept of Operations,PL-07,PL
pl-8,Security and Privacy Architectures,PL-08,PL
pl-8.1,Defense in Depth,PL-08(01),PL
pl-8.2,Supplier Diversity,PL-08(02),PL
pl-9,Central Management,PL-09,PL
pl-10,Baseline Selection,PL-10,PL
pl-11,Baseline Tailoring,PL-11,PL
pm-1,Information Security Program Plan,PM-01,PM
pm-2,Information Security Program Leadership Role,PM-02,PM
pm-3,Information Security and Privacy Resources,PM-03,PM
pm-4,Plan of Action and Milestones Process,PM-04,PM
pm-5,System Inventory,PM-05,PM
pm-5.1,Inventory of Personally Identifiable Information,PM-05(01),PM
pm-6,Measures of Performance,PM-06,PM
pm-7,Enterprise Architecture,PM-07,PM
pm-7.1,Offloading,PM-07(01),PM
pm-8,Critical Infrastructure Plan,PM-08,PM
pm-9,Risk Management Strategy,PM-09,PM
pm-10,Authorization Process,PM-10,PM
pm-11,Mission and Business Process Definition,PM-11,PM
pm-12,Insider Threat Program,PM-12,PM
pm-13,Security and Privacy Workforce,PM-13,PM
pm-14,"Testing, Training, and Monitoring",PM-14,PM
pm-15,Security and Privacy Groups and Associations,PM-15,PM
pm-16,Threat Awareness Program,PM-16,PM
pm-16.1,Automated Means for Sharing Threat Intelligence,PM-16(01),PM
pm-17,Protecting Controlled Unclassified Information on External Systems,PM-17,PM
pm-18,Privacy Program Plan,PM-18,PM
pm-19,Privacy Program Leadership Role,PM-19,PM
pm-20,Dissemination of Privacy Program Information,PM-20,PM
pm-20.1,"Privacy Policies on Websites, Applications, and Digital Services",PM-20(01),PM
pm-21,Accounting of Disclosures,PM-21,PM
pm-22,Personally Identifiable Information Quality Management,PM-22,PM
pm-23,Data Governance Body,PM-23,PM
pm-24,Data Integrity Board,PM-24,PM
pm-25,"Minimization of Personally Identifiable Information Used in Testing, Training, and Research",PM-25,PM
pm-26,Complaint Management,PM-26,PM
pm-27,Privacy Reporting,PM-27,PM
pm-28,Risk Framing,PM-28,PM
pm-29,Risk Management Program Leadership Roles,PM-29,PM
pm-30,Supply Chain Risk Management Strategy,PM-30,PM
pm-30.1,Suppliers of Critical or Mission-essential Items,PM-30(01),PM
pm-31,Continuous Monitoring Strategy,PM-31,PM
pm-32,Purposing,PM-32,PM
ps-1,Policy and Procedures,PS-01,PS
ps-2,Position Risk Designation,PS-02,PS
ps-3,Personnel Screening,PS-03,PS
ps-3.1,Classified Information,PS-03(01),PS
ps-3.2,Formal Indoctrination,PS-03(02),PS
ps-3.3,Information Requiring Special Protective Measures,PS-03(03),PS
ps-3.4,Citizenship Requirements,PS-03(04),PS
ps-4,Personnel Termination,PS-04,PS
ps-4.1,Post-employment Requirements,PS-04(01),PS
ps-4.2,Automated Actions,PS-04(02),PS
ps-5,Personnel Transfer,PS-05,PS
ps-6,Access Agreements,PS-06,PS
ps-6.1,Information Requiring Special Protection,PS-06(01),PS
ps-6.2,Classified Information Requiring Special Protection,PS-06(02),PS
ps-6.3,Post-employment Requirements,PS-06(03),PS
ps-7,External Personnel Security,PS-07,PS
ps-8,Personnel Sanctions,PS-08,PS
ps-9,Position Descriptions,PS-09,PS
pt-1,Policy and Procedures,PT-01,PT
pt-2,Authority to Process Personally Identifiable Information,PT-02,PT
pt-2.1,Data Tagging,PT-02(01),PT
pt-2.2,Automation,PT-02(02),PT
pt-3,Personally Identifiable Information Processing Purposes,PT-03,PT
pt-3.1,Data Tagging,PT-03(01),PT
pt-3.2,Automation,PT-03(02),PT
pt-4,Consent,PT-04,PT
pt-4.1,Tailored Consent,PT-04(01),PT
pt-4.2,Just-in-time Consent,PT-04(02),PT
pt-4.3,Revocation,PT-04(03),PT
pt-5,Privacy Notice,PT-05,PT
pt-5.1,Just-in-time Notice,PT-05(01),PT
pt-5.2,Privacy Act Statements,PT-05(02),PT
pt-6,System of Records Notice,PT-06,PT
pt-6.1,Routine Uses,PT-06(01),PT
pt-6.2,Exemption Rules,PT-06(02),PT
pt-7,Specific Categories of Personally Identifiable Information,PT-07,PT
pt-7.1,Social Security Numbers,PT-07(01),PT
pt-7.2,First Amendment Information,PT-07(02),PT
pt-8,Computer Matching Requirements,PT-08,PT
ra-1,Policy and Procedures,RA-01,RA
ra-2,Security Categorization,RA-02,RA
ra-2.1,Impact-level Prioritization,RA-02(01),RA
ra-3,Risk Assessment,RA-03,RA
ra-3.1,Supply Chain Risk Assessment,RA-03(01),RA
ra-3.2,Use of All-source Intelligence,RA-03(02),RA
ra-3.3,Dynamic Threat Awareness,RA-03(03),RA
ra-3.4,Predictive Cyber Analytics,RA-03(04),RA
ra-4,Risk Assessment Update,RA-04,RA
ra-5,Vulnerability Monitoring and Scanning,RA-05,RA
ra-5.1,Update Tool Capability,RA-05(01),RA
ra-5.2,Update Vulnerabilities to Be Scanned,RA-05(02),RA
ra-5.3,Breadth and Depth of Coverage,RA-05(03),RA
ra-5.4,Discoverable Information,RA-05(04),RA
ra-5.5,Privileged Access,RA-05(05),RA
ra-5.6,Automated Trend Analyses,RA-05(06),RA
ra-5.7,Automated Detection and Notification of Unauthorized Components,RA-05(07),RA
ra-5.8,Review Historic Audit Logs,RA-05(08),RA
ra-5.9,Penetration Testing and Analyses,RA-05(09),RA
ra-5.10,Correlate Scanning Information,RA-05(10),RA
ra-5.11,Public Disclosure Program,RA-05(11),RA
ra-6,Technical Surveillance Countermeasures Survey,RA-06,RA
ra-7,Risk Response,RA-07,RA
ra-8,Privacy Impact Assessments,RA-08,RA
ra-9,Criticality Analysis,RA-09,RA
ra-10,Threat Hunting,RA-10,RA
sa-1,Policy and Procedures,SA-01,SA
sa-2,Allocation of Resources,SA-02,SA
sa-3,System Development Life Cycle,SA-03,SA
sa-3.1,Manage Preproduction Environment,SA-03(01),SA
sa-3.2,Use of Live or Operational Data,SA-03(02),SA
sa-3.3,Technology Refresh,SA-03(03),SA
sa-4,Acquisition Process,SA-04,SA
sa-4.1,Functional Properties of Controls,SA-04(01),SA
sa-4.2,Design and Implementation Information for Controls,SA-04(02),SA
sa-4.3,"Development Methods, Techniques, and Practices",SA-04(03),SA
sa-4.4,Assignment of Components to Systems,SA-04(04),SA
sa-4.5,"System, Component, and Service Configurations",SA-04(05),SA
sa-4.6,Use of Information Assurance Products,SA-04(06),SA
sa-4.7,NIAP-approved Protection Profiles ,SA-04(07),SA
sa-4.8,Continuous Monitoring Plan for Controls,SA-04(08),SA
sa-4.9,"Functions, Ports, Protocols, and Services in Use",SA-04(09),SA
sa-4.10,Use of Approved PIV Products,SA-04(10),SA
sa-4.11,System of Records,SA-04(11),SA
sa-4.12,Data Ownership,SA-04(12),SA
sa-5,System Documentation,SA-05,SA
sa-5.1,Functional Properties of Security Controls,SA-05(01),SA
sa-5.2,Security-relevant External System Interfaces,SA-05(02),SA
sa-5.3,High-level Design,SA-05(03),SA
sa-5.4,Low-level Design,SA-05(04),SA
sa-5.5,Source Code,SA-05(05),SA
sa-6,Software Usage Restrictions,SA-06,SA
sa-7,User-installed Software,SA-07,SA
sa-8,Security and Privacy Engineering Principles,SA-08,SA
sa-8.1,Clear Abstractions,SA-08(01),SA
sa-8.2,Least Common Mechanism,SA-08(02),SA
sa-8.3,Modularity and Layering,SA-08(03),SA
sa-8.4,Partially Ordered Dependencies,SA-08(04),SA
sa-8.5,Efficiently Mediated Access,SA-08(05),SA
sa-8.6,Minimized Sharing,SA-08(06),SA
sa-8.7,Reduced Complexity,SA-08(07),SA
sa-8.8,Secure Evolvability,SA-08(08),SA
sa-8.9,Trusted Components,SA-08(09),SA
sa-8.10,Hierarchical Trust,SA-08(10),SA
sa-8.11,Inverse Modification Threshold,SA-08(11),SA
sa-8.12,Hierarchical Protection,SA-08(12),SA
sa-8.13,Minimized Security Elements,SA-08(13),SA
sa-8.14,Least Privilege,SA-08(14),SA
sa-8.15,Predicate Permission,SA-08(15),SA
sa-8.16,Self-reliant Trustworthiness,SA-08(16),SA
sa-8.17,Secure Distributed Composition,SA-08(17),SA
sa-8.18,Trusted Communications Channels,SA-08(18),SA
sa-8.19,Continuous Protection,SA-08(19),SA
sa-8.20,Secure Metadata Management,SA-08(20),SA
sa-8.21,Self-analysis,SA-08(21),SA
sa-8.22,Accountability and Traceability,SA-08(22),SA
sa-8.23,Secure Defaults,SA-08(23),SA
sa-8.24,Secure Failure and Recovery,SA-08(24),SA
sa-8.25,Economic Security,SA-08(25),SA
sa-8.26,Performance Security,SA-08(26),SA
sa-8.27,Human Factored Security,SA-08(27),SA
sa-8.28,Acceptable Security,SA-08(28),SA
sa-8.29,Repeatable and Documented Procedures,SA-08(29),SA
sa-8.30,Procedural Rigor,SA-08(30),SA
sa-8.31,Secure System Modification,SA-08(31),SA
sa-8.32,Sufficient Documentation,SA-08(32),SA
sa-8.33,Minimization,SA-08(33),SA
sa-9,External System Services,SA-09,SA
sa-9.1,Risk Assessments and Organizational Approvals,SA-09(01),SA
sa-9.2,"Identification of Functions, Ports, Protocols, and Services",SA-09(02),SA
sa-9.3,Establish and Maintain Trust Relationship with Providers,SA-09(03),SA
sa-9.4,Consistent Interests of Consumers and Providers,SA-09(04),SA
sa-9.5,"Processing, Storage, and Service Location",SA-09(05),SA
sa-9.6,Organization-controlled Cryptographic Keys,SA-09(06),SA
sa-9.7,Organization-controlled Integrity Checking,SA-09(07),SA
sa-9.8,Processing and Storage Location — U.S. Jurisdiction,SA-09(08),SA
sa-10,Developer Configuration Management,SA-10,SA
sa-10.1,Software and Firmware Integrity Verification,SA-10(01),SA
sa-10.2,Alternative Configuration Management Processes,SA-10(02),SA
sa-10.3,Hardware Integrity Verification,SA-10(03),SA
sa-10.4,Trusted Generation,SA-10(04),SA
sa-10.5,Mapping Integrity for Version Control,SA-10(05),SA
sa-10.6,Trusted Distribution,SA-10(06),SA
sa-10.7,Security and Privacy Representatives,SA-10(07),SA
sa-11,Developer Testing and Evaluation,SA-11,SA
sa-11.1,Static Code Analysis,SA-11(01),SA
sa-11.2,Threat Modeling and Vulnerability Analyses,SA-11(02),SA
sa-11.3,Independent Verification of Assessment Plans and Evidence,SA-11(03),SA
sa-11.4,Manual Code Reviews,SA-11(04),SA
sa-11.5,Penetration Testing,SA-11(05),SA
sa-11.6,Attack Surface Reviews,SA-11(06),SA
sa-11.7,Verify Scope of Testing and Evaluation,SA-11(07),SA
sa-11.8,Dynamic Code Analysis,SA-11(08),SA
sa-11.9,Interactive Application Security Testing,SA-11(09),SA
sa-12,Supply Chain Protection,SA-12,SA
sa-12.1,Acquisition Strategies / Tools / Methods,SA-12(01),SA
sa-12.2,Supplier Reviews,SA-12(02),SA
sa-12.3,Trusted Shipping and Warehousing,SA-12(03),SA
sa-12.4,Diversity of Suppliers,SA-12(04),SA
sa-12.5,Limitation of Harm,SA-12(05),SA
sa-12.6,Minimizing Procurement Time,SA-12(06),SA
sa-12.7,Assessments Prior to Selection / Acceptance / Update,SA-12(07),SA
sa-12.8,Use of All-source Intelligence,SA-12(08),SA
sa-12.9,Operations Security,SA-12(09),SA
sa-12.10,Validate as Genuine and Not Altered,SA-12(10),SA
sa-12.11,"Penetration Testing / Analysis of Elements, Processes, and Actors",SA-12(11),SA
sa-12.12,Inter-organizational Agreements,SA-12(12),SA
sa-12.13,Critical Information System Components,SA-12(13),SA
sa-12.14,Identity and Traceability,SA-12(14),SA
sa-12.15,Processes to Address Weaknesses or Deficiencies,SA-12(15),SA
sa-13,Trustworthiness,SA-13,SA
sa-14,Criticality Analysis,SA-14,SA
sa-14.1,Critical Components with No Viable Alternative Sourcing,SA-14(01),SA
sa-15,"Development Process, Standards, and Tools",SA-15,SA
sa-15.1,Quality Metrics,SA-15(01),SA
sa-15.2,Security and Privacy Tracking Tools,SA-15(02),SA
sa-15.3,Criticality Analysis,SA-15(03),SA
sa-15.4,Threat Modeling and Vulnerability Analysis,SA-15(04),SA
sa-15.5,Attack Surface Reduction,SA-15(05),SA
sa-15.6,Continuous Improvement,SA-15(06),SA
sa-15.7,Automated Vulnerability Analysis,SA-15(07),SA
sa-15.8,Reuse of Threat and Vulnerability Information,SA-15(08),SA
sa-15.9,Use of Live Data,SA-15(09),SA
sa-15.10,Incident Response Plan,SA-15(10),SA
sa-15.11,Archive System or Component,SA-15(11),SA
sa-15.12,Minimize Personally Identifiable Information,SA-15(12),SA
sa-16,Developer-provided Training,SA-16,SA
sa-17,Developer Security and Privacy Architecture and Design,SA-17,SA
sa-17.1,Formal Policy Model,SA-17(01),SA
sa-17.2,Security-relevant Components,SA-17(02),SA
sa-17.3,Formal Correspondence,SA-17(03),SA
sa-17.4,Informal Correspondence,SA-17(04),SA
sa-17.5,Conceptually Simple Design,SA-17(05),SA
sa-17.6,Structure for Testing,SA-17(06),SA
sa-17.7,Structure for Least Privilege,SA-17(07),SA
sa-17.8,Orchestration,SA-17(08),SA
sa-17.9,Design Diversity,SA-17(09),SA
sa-18,Tamper Resistance and Detection,SA-18,SA
sa-18.1,Multiple Phases of System Development Life Cycle,SA-18(01),SA
sa-18.2,Inspection of Systems or Components,SA-18(2),SA
sa-19,Component Authenticity,SA-19,SA
sa-19.1,Anti-counterfeit Training,SA-19(01),SA
sa-19.2,Configuration Control for Component Service and Repair,SA-19(02),SA
sa-19.3,Component Disposal,SA-19(03),SA
sa-19.4,Anti-counterfeit Scanning,SA-19(04),SA
sa-20,Customized Development of Critical Components,SA-20,SA
sa-21,Developer Screening,SA-21,SA
sa-21.1,Validation of Screening,SA-21(01),SA
sa-22,Unsupported System Components,SA-22,SA
sa-22.1,Alternative Sources for Continued Support,SA-22(01),SA
sa-23,Specialization,SA-23,SA
sc-1,Policy and Procedures,SC-01,SC
sc-2,Separation of System and User Functionality,SC-02,SC
sc-2.1,Interfaces for Non-privileged Users,SC-02(01),SC
sc-2.2,Disassociability,SC-02(02),SC
sc-3,Security Function Isolation,SC-03,SC
sc-3.1,Hardware Separation,SC-03(01),SC
sc-3.2,Access and Flow Control Functions,SC-03(02),SC
sc-3.3,Minimize Nonsecurity Functionality,SC-03(03),SC
sc-3.4,Module Coupling and Cohesiveness,SC-03(04),SC
sc-3.5,Layered Structures,SC-03(05),SC
sc-4,Information in Shared System Resources,SC-04,SC
sc-4.1,Security Levels,SC-04(01),SC
sc-4.2,Multilevel or Periods Processing,SC-04(02),SC
sc-5,Denial-of-service Protection,SC-05,SC
sc-5.1,Restrict Ability to Attack Other Systems,SC-05(01),SC
sc-5.2,"Capacity, Bandwidth, and Redundancy",SC-05(02),SC
sc-5.3,Detection and Monitoring,SC-05(03),SC
sc-6,Resource Availability,SC-06,SC
sc-7,Boundary Protection,SC-07,SC
sc-7.1,Physically Separated Subnetworks,SC-07(01),SC
sc-7.2,Public Access,SC-07(02),SC
sc-7.3,Access Points,SC-07(03),SC
sc-7.4,External Telecommunications Services,SC-07(04),SC
sc-7.5,Deny by Default — Allow by Exception,SC-07(05),SC
sc-7.6,Response to Recognized Failures,SC-07(06),SC
sc-7.7,Split Tunneling for Remote Devices,SC-07(07),SC
sc-7.8,Route Traffic to Authenticated Proxy Servers,SC-07(08),SC
sc-7.9,Restrict Threatening Outgoing Communications Traffic,SC-07(09),SC
sc-7.10,Prevent Exfiltration,SC-07(10),SC
sc-7.11,Restrict Incoming Communications Traffic,SC-07(11),SC
sc-7.12,Host-based Protection,SC-07(12),SC
sc-7.13,"Isolation of Security Tools, Mechanisms, and Support Components",SC-07(13),SC
sc-7.14,Protect Against Unauthorized Physical Connections,SC-07(14),SC
sc-7.15,Networked Privileged Accesses,SC-07(15),SC
sc-7.16,Prevent Discovery of System Components,SC-07(16),SC
sc-7.17,Automated Enforcement of Protocol Formats,SC-07(17),SC
sc-7.18,Fail Secure,SC-07(18),SC
sc-7.19,Block Communication from Non-organizationally Configured Hosts,SC-07(19),SC
sc-7.20,Dynamic Isolation and Segregation,SC-07(20),SC
sc-7.21,Isolation of System Components,SC-07(21),SC
sc-7.22,Separate Subnets for Connecting to Different Security Domains,SC-07(22),SC
sc-7.23,Disable Sender Feedback on Protocol Validation Failure,SC-07(23),SC
sc-7.24,Personally Identifiable Information,SC-07(24),SC
sc-7.25,Unclassified National Security System Connections,SC-07(25),SC
sc-7.26,Classified National Security System Connections,SC-07(26),SC
sc-7.27,Unclassified Non-national Security System Connections,SC-07(27),SC
sc-7.28,Connections to Public Networks,SC-07(28),SC
sc-7.29,Separate Subnets to Isolate Functions,SC-07(29),SC
sc-8,Transmission Confidentiality and Integrity,SC-08,SC
sc-8.1,Cryptographic Protection,SC-08(01),SC
sc-8.2,Pre- and Post-transmission Handling,SC-08(02),SC
sc-8.3,Cryptographic Protection for Message Externals,SC-08(03),SC
sc-8.4,Conceal or Randomize Communications,SC-08(04),SC
sc-8.5,Protected Distribution System,SC-08(05),SC
sc-9,Transmission Confidentiality,SC-09,SC
sc-10,Network Disconnect,SC-10,SC
sc-11,Trusted Path,SC-11,SC
sc-11.1,Irrefutable Communications Path,SC-11(01),SC
sc-12,Cryptographic Key Establishment and Management,SC-12,SC
sc-12.1,Availability,SC-12(01),SC
sc-12.2,Symmetric Keys,SC-12(02),SC
sc-12.3,Asymmetric Keys,SC-12(03),SC
sc-12.4,PKI Certificates,SC-12(04),SC
sc-12.5,PKI Certificates / Hardware Tokens,SC-12(05),SC
sc-12.6,Physical Control of Keys,SC-12(06),SC
sc-13,Cryptographic Protection,SC-13,SC
sc-13.1,FIPS-validated Cryptography,SC-13(01),SC
sc-13.2,NSA-approved Cryptography,SC-13(02),SC
sc-13.3,Individuals Without Formal Access Approvals,SC-13(03),SC
sc-13.4,Digital Signatures,SC-13(04),SC
sc-14,Public Access Protections,SC-14,SC
sc-15,Collaborative Computing Devices and Applications,SC-15,SC
sc-15.1,Physical or Logical Disconnect,SC-15(01),SC
sc-15.2,Blocking Inbound and Outbound Communications Traffic,SC-15(02),SC
sc-15.3,Disabling and Removal in Secure Work Areas,SC-15(03),SC
sc-15.4,Explicitly Indicate Current Participants,SC-15(04),SC
sc-16,Transmission of Security and Privacy Attributes,SC-16,SC
sc-16.1,Integrity Verification,SC-16(01),SC
sc-16.2,Anti-spoofing Mechanisms,SC-16(02),SC
sc-16.3,Cryptographic Binding,SC-16(03),SC
sc-17,Public Key Infrastructure Certificates,SC-17,SC
sc-18,Mobile Code,SC-18,SC
sc-18.1,Identify Unacceptable Code and Take Corrective Actions,SC-18(01),SC
sc-18.2,"Acquisition, Development, and Use",SC-18(02),SC
sc-18.3,Prevent Downloading and Execution,SC-18(03),SC
sc-18.4,Prevent Automatic Execution,SC-18(04),SC
sc-18.5,Allow Execution Only in Confined Environments,SC-18(05),SC
sc-19,Voice Over Internet Protocol,SC-19,SC
sc-20,Secure Name/Address Resolution Service (Authoritative Source),SC-20,SC
sc-20.1,Child Subspaces,SC-20(01),SC
sc-20.2,Data Origin and Integrity,SC-20(02),SC
sc-21,Secure Name/Address Resolution Service (Recursive or Caching Resolver),SC-21,SC
sc-21.1,Data Origin and Integrity,SC-21(01),SC
sc-22,Architecture and Provisioning for Name/Address Resolution Service,SC-22,SC
sc-23,Session Authenticity,SC-23,SC
sc-23.1,Invalidate Session Identifiers at Logout,SC-23(01),SC
sc-23.2,User-initiated Logouts and Message Displays,SC-23(02),SC
sc-23.3,Unique System-generated Session Identifiers,SC-23(03),SC
sc-23.4,Unique Session Identifiers with Randomization,SC-23(04),SC
sc-23.5,Allowed Certificate Authorities,SC-23(05),SC
sc-24,Fail in Known State,SC-24,SC
sc-25,Thin Nodes,SC-25,SC
sc-26,Decoys,SC-26,SC
sc-26.1,Detection of Malicious Code,SC-26(01),SC
sc-27,Platform-independent Applications,SC-27,SC
sc-28,Protection of Information at Rest,SC-28,SC
sc-28.1,Cryptographic Protection,SC-28(01),SC
sc-28.2,Offline Storage,SC-28(02),SC
sc-28.3,Cryptographic Keys,SC-28(03),SC
sc-29,Heterogeneity,SC-29,SC
sc-29.1,Virtualization Techniques,SC-29(01),SC
sc-30,Concealment and Misdirection,SC-30,SC
sc-30.1,Virtualization Techniques,SC-30(01),SC
sc-30.2,Randomness,SC-30(02),SC
sc-30.3,Change Processing and Storage Locations,SC-30(03),SC
sc-30.4,Misleading Information,SC-30(04),SC
sc-30.5,Concealment of System Components,SC-30(05),SC
sc-31,Covert Channel Analysis,SC-31,SC
sc-31.1,Test Covert Channels for Exploitability,SC-31(01),SC
sc-31.2,Maximum Bandwidth,SC-31(02),SC
sc-31.3,Measure Bandwidth in Operational Environments,SC-31(03),SC
sc-32,System Partitioning,SC-32,SC
sc-32.1,Separate Physical Domains for Privileged Functions,SC-32(01),SC
sc-33,Transmission Preparation Integrity,SC-33,SC
sc-34,Non-modifiable Executable Programs,SC-34,SC
sc-34.1,No Writable Storage,SC-34(01),SC
sc-34.2,Integrity Protection on Read-only Media,SC-34(02),SC
sc-34.3,Hardware-based Protection,SC-34(03),SC
sc-35,External Malicious Code Identification,SC-35,SC
sc-36,Distributed Processing and Storage,SC-36,SC
sc-36.1,Polling Techniques,SC-36(01),SC
sc-36.2,Synchronization,SC-36(02),SC
sc-37,Out-of-band Channels,SC-37,SC
sc-37.1,Ensure Delivery and Transmission,SC-37(01),SC
sc-38,Operations Security,SC-38,SC
sc-39,Process Isolation,SC-39,SC
sc-39.1,Hardware Separation,SC-39(01),SC
sc-39.2,Separate Execution Domain Per Thread,SC-39(02),SC
sc-40,Wireless Link Protection,SC-40,SC
sc-40.1,Electromagnetic Interference,SC-40(01),SC
sc-40.2,Reduce Detection Potential,SC-40(02),SC
sc-40.3,Imitative or Manipulative Communications Deception,SC-40(03),SC
sc-40.4,Signal Parameter Identification,SC-40(04),SC
sc-41,Port and I/O Device Access,SC-41,SC
sc-42,Sensor Capability and Data,SC-42,SC
sc-42.1,Reporting to Authorized Individuals or Roles,SC-42(01),SC
sc-42.2,Authorized Use,SC-42(02),SC
sc-42.3,Prohibit Use of Devices,SC-42(03),SC
sc-42.4,Notice of Collection,SC-42(04),SC
sc-42.5,Collection Minimization,SC-42(05),SC
sc-43,Usage Restrictions,SC-43,SC
sc-44,Detonation Chambers,SC-44,SC
sc-45,System Time Synchronization,SC-45,SC
sc-45.1,Synchronization with Authoritative Time Source,SC-45(01),SC
sc-45.2,Secondary Authoritative Time Source,SC-45(02),SC
sc-46,Cross Domain Policy Enforcement,SC-46,SC
sc-47,Alternate Communications Paths,SC-47,SC
sc-48,Sensor Relocation,SC-48,SC
sc-48.1,Dynamic Relocation of Sensors or Monitoring Capabilities,SC-48(01),SC
sc-49,Hardware-enforced Separation and Policy Enforcement,SC-49,SC
sc-50,Software-enforced Separation and Policy Enforcement,SC-50,SC
sc-51,Hardware-based Protection,SC-51,SC
si-1,Policy and Procedures,SI-01,SI
si-2,Flaw Remediation,SI-02,SI
si-2.1,Central Management,SI-02(01),SI
si-2.2,Automated Flaw Remediation Status,SI-02(02),SI
si-2.3,Time to Remediate Flaws and Benchmarks for Corrective Actions,SI-02(03),SI
si-2.4,Automated Patch Management Tools,SI-02(04),SI
si-2.5,Automatic Software and Firmware Updates,SI-02(05),SI
si-2.6,Removal of Previous Versions of Software and Firmware,SI-02(06),SI
si-3,Malicious Code Protection,SI-03,SI
si-3.1,Central Management,SI-03(01),SI
si-3.2,Automatic Updates,SI-03(02),SI
si-3.3,Non-privileged Users,SI-03(03),SI
si-3.4,Updates Only by Privileged Users,SI-03(04),SI
si-3.5,Portable Storage Devices,SI-03(05),SI
si-3.6,Testing and Verification,SI-03(06),SI
si-3.7,Nonsignature-based Detection,SI-03(07),SI
si-3.8,Detect Unauthorized Commands,SI-03(08),SI
si-3.9,Authenticate Remote Commands,SI-03(09),SI
si-3.10,Malicious Code Analysis,SI-03(10),SI
si-4,System Monitoring,SI-04,SI
si-4.1,System-wide Intrusion Detection System,SI-04(01),SI
si-4.2,Automated Tools and Mechanisms for Real-time Analysis,SI-04(02),SI
si-4.3,Automated Tool and Mechanism Integration,SI-04(03),SI
si-4.4,Inbound and Outbound Communications Traffic,SI-04(04),SI
si-4.5,System-generated Alerts,SI-04(05),SI
si-4.6,Restrict Non-privileged Users,SI-04(06),SI
si-4.7,Automated Response to Suspicious Events,SI-04(07),SI
si-4.8,Protection of Monitoring Information,SI-04(08),SI
si-4.9,Testing of Monitoring Tools and Mechanisms,SI-04(09),SI
si-4.10,Visibility of Encrypted Communications,SI-04(10),SI
si-4.11,Analyze Communications Traffic Anomalies,SI-04(11),SI
si-4.12,Automated Organization-generated Alerts,SI-04(12),SI
si-4.13,Analyze Traffic and Event Patterns,SI-04(13),SI
si-4.14,Wireless Intrusion Detection,SI-04(14),SI
si-4.15,Wireless to Wireline Communications,SI-04(15),SI
si-4.16,Correlate Monitoring Information,SI-04(16),SI
si-4.17,Integrated Situational Awareness,SI-04(17),SI
si-4.18,Analyze Traffic and Covert Exfiltration,SI-04(18),SI
si-4.19,Risk for Individuals,SI-04(19),SI
si-4.20,Privileged Users,SI-04(20),SI
si-4.21,Probationary Periods,SI-04(21),SI
si-4.22,Unauthorized Network Services,SI-04(22),SI
si-4.23,Host-based Devices,SI-04(23),SI
si-4.24,Indicators of Compromise,SI-04(24),SI
si-4.25,Optimize Network Traffic Analysis,SI-04(25),SI
si-5,"Security Alerts, Advisories, and Directives",SI-05,SI
si-5.1,Automated Alerts and Advisories,SI-05(01),SI
si-6,Security and Privacy Function Verification,SI-06,SI
si-6.1,Notification of Failed Security Tests,SI-06(01),SI
si-6.2,Automation Support for Distributed Testing,SI-06(02),SI
si-6.3,Report Verification Results,SI-06(03),SI
si-7,"Software, Firmware, and Information Integrity",SI-07,SI
si-7.1,Integrity Checks,SI-07(01),SI
si-7.2,Automated Notifications of Integrity Violations,SI-07(02),SI
si-7.3,Centrally Managed Integrity Tools,SI-07(03),SI
si-7.4,Tamper-evident Packaging,SI-07(04),SI
si-7.5,Automated Response to Integrity Violations,SI-07(05),SI
si-7.6,Cryptographic Protection,SI-07(06),SI
si-7.7,Integration of Detection and Response,SI-07(07),SI
si-7.8,Auditing Capability for Significant Events,SI-07(08),SI
si-7.9,Verify Boot Process,SI-07(09),SI
si-7.10,Protection of Boot Firmware,SI-07(10),SI
si-7.11,Confined Environments with Limited Privileges,SI-07(11),SI
si-7.12,Integrity Verification,SI-07(12),SI
si-7.13,Code Execution in Protected Environments,SI-07(13),SI
si-7.14,Binary or Machine Executable Code,SI-07(14),SI
si-7.15,Code Authentication,SI-07(15),SI
si-7.16,Time Limit on Process Execution Without Supervision,SI-07(16),SI
si-7.17,Runtime Application Self-protection,SI-07(17),SI
si-8,Spam Protection,SI-08,SI
si-8.1,Central Management,SI-08(01),SI
si-8.2,Automatic Updates,SI-08(02),SI
si-8.3,Continuous Learning Capability,SI-08(03),SI
si-9,Information Input Restrictions,SI-09,SI
si-10,Information Input Validation,SI-10,SI
si-10.1,Manual Override Capability,SI-10(01),SI
si-10.2,Review and Resolve Errors,SI-10(02),SI
si-10.3,Predictable Behavior,SI-10(03),SI
si-10.4,Timing Interactions,SI-10(04),SI
si-10.5,Restrict Inputs to Trusted Sources and Approved Formats,SI-10(05),SI
si-10.6,Injection Prevention,SI-10(06),SI
si-11,Error Handling,SI-11,SI
si-12,Information Management and Retention,SI-12,SI
si-12.1,Limit Personally Identifiable Information Elements,SI-12(01),SI
si-12.2,"Minimize Personally Identifiable Information in Testing, Training, and Research",SI-12(02),SI
si-12.3,Information Disposal,SI-12(03),SI
si-13,Predictable Failure Prevention,SI-13,SI
si-13.1,Transferring Component Responsibilities,SI-13(01),SI
si-13.2,Time Limit on Process Execution Without Supervision,SI-13(02),SI
si-13.3,Manual Transfer Between Components,SI-13(03),SI
si-13.4,Standby Component Installation and Notification,SI-13(04),SI
si-13.5,Failover Capability,SI-13(05),SI
si-14,Non-persistence,SI-14,SI
si-14.1,Refresh from Trusted Sources,SI-14(01),SI
si-14.2,Non-persistent Information,SI-14(02),SI
si-14.3,Non-persistent Connectivity,SI-14(03),SI
si-15,Information Output Filtering,SI-15,SI
si-16,Memory Protection,SI-16,SI
si-17,Fail-safe Procedures,SI-17,SI
si-18,Personally Identifiable Information Quality Operations,SI-18,SI
si-18.1,Automation Support,SI-18(01),SI
si-18.2,Data Tags,SI-18(02),SI
si-18.3,Collection,SI-18(03),SI
si-18.4,Individual Requests,SI-18(04),SI
si-18.5,Notice of Correction or Deletion,SI-18(05),SI
si-19,De-identification,SI-19,SI
si-19.1,Collection,SI-19(01),SI
si-19.2,Archiving,SI-19(02),SI
si-19.3,Release,SI-19(03),SI
si-19.4,"Removal, Masking, Encryption, Hashing, or Replacement of Direct Identifiers",SI-19(04),SI
si-19.5,Statistical Disclosure Control,SI-19(05),SI
si-19.6,Differential Privacy,SI-19(06),SI
si-19.7,Validated Algorithms and Software,SI-19(07),SI
si-19.8,Motivated Intruder,SI-19(08),SI
si-20,Tainting,SI-20,SI
si-21,Information Refresh,SI-21,SI
si-22,Information Diversity,SI-22,SI
si-23,Information Fragmentation,SI-23,SI
sr-1,Policy and Procedures,SR-01,SR
sr-2,Supply Chain Risk Management Plan,SR-02,SR
sr-2.1,Establish SCRM Team,SR-02(01),SR
sr-3,Supply Chain Controls and Processes,SR-03,SR
sr-3.1,Diverse Supply Base,SR-03(01),SR
sr-3.2,Limitation of Harm,SR-03(02),SR
sr-3.3,Sub-tier Flow Down,SR-03(03),SR
sr-4,Provenance,SR-04,SR
sr-4.1,Identity,SR-04(01),SR
sr-4.2,Track and Trace,SR-04(02),SR
sr-4.3,Validate as Genuine and Not Altered,SR-04(03),SR
sr-4.4,Supply Chain Integrity — Pedigree,SR-04(04),SR
sr-5,"Acquisition Strategies, Tools, and Methods",SR-05,SR
sr-5.1,Adequate Supply,SR-05(01),SR
sr-5.2,"Assessments Prior to Selection, Acceptance, Modification, or Update",SR-05(02),SR
sr-6,Supplier Assessments and Reviews,SR-06,SR
sr-6.1,Testing and Analysis,SR-06(01),SR
sr-7,Supply Chain Operations Security,SR-07,SR
sr-8,Notification Agreements,SR-08,SR
sr-9,Tamper Resistance and Detection,SR-09,SR
sr-9.1,Multiple Stages of System Development Life Cycle,SR-09(01),SR
sr-10,Inspection of Systems or Components,SR-10,SR
sr-11,Component Authenticity,SR-11,SR
sr-11.1,Anti-counterfeit Training,SR-11(01),SR
sr-11.2,Configuration Control for Component Service and Repair,SR-11(02),SR
sr-11.3,Anti-counterfeit Scanning,SR-11(03),SR
sr-12,Component Disposal,SR-12,SR
